id,predictions,probability
2,0,0.273029144702819
3,0,0.12844377816433408
5,0,0.40069974046592893
7,0,0.05035807350084004
17,1,0.7332121159357585
18,0,0.06768697684021094
27,0,0.3680605694452771
28,0,0.05157809963560672
37,0,0.04415780427726636
40,0,0.1829819059155155
46,0,0.18289220041251483
48,0,0.1699854682607796
50,0,0.41630350278702555
54,0,0.15193822740239069
57,0,0.2608326347455886
72,0,0.38540514534679493
76,0,0.17773760367940358
96,0,0.029468660719379248
124,0,0.14813964034315497
129,0,0.15076941946418326
132,0,0.053320818888125496
137,0,0.025617497278983974
140,0,0.07133479904680826
146,0,0.19304840861591738
153,0,0.036739995461430044
169,0,0.08265065865098378
171,0,0.059753657700668525
172,0,0.14781313958181866
175,0,0.11018584241670364
176,0,0.05499239164904666
178,0,0.09319698423008009
187,0,0.15999647722731036
193,0,0.20079994919783783
200,0,0.10464428190917847
210,0,0.19548943894541068
211,0,0.08464794799065782
215,0,0.2870821711869095
216,0,0.05200606423643404
220,0,0.032252909731397265
224,0,0.2935179482975593
241,0,0.09025975814732293
244,0,0.18997679654097405
252,0,0.0643574342933546
262,1,0.5362011244483943
265,0,0.07764386447130497
266,0,0.03985632094019492
277,0,0.13870253563382412
292,0,0.11627304323435235
306,0,0.030884508950405502
313,0,0.10615361990867053
315,0,0.14011647716237918
317,0,0.1249393121854395
318,0,0.04205558471047441
321,0,0.18514026026173364
348,0,0.04355674032807245
352,0,0.3446465806982366
366,0,0.2593206645750772
374,0,0.3223635882717229
375,0,0.11810101705437928
377,0,0.11051887202911448
379,0,0.16285165356395565
386,0,0.13254147987593135
387,0,0.030436660564211303
396,0,0.021856267050761217
407,0,0.24555830322643782
410,0,0.14288087001668154
412,0,0.03717650519182271
417,0,0.18738978096800946
423,0,0.1222595867089941
425,0,0.10791617661945474
435,0,0.25784164486744215
436,0,0.06012963452057487
439,0,0.1959979828971246
449,0,0.2521345541309015
451,0,0.35757321314399826
452,0,0.0696675865304897
455,1,0.5084977234405933
457,0,0.42632276316349477
462,0,0.21327069432963008
468,0,0.470674896858635
480,0,0.029569255212960173
487,0,0.0965000062849022
499,0,0.07191675095985012
502,0,0.16151534912885435
503,0,0.057482960658646255
508,0,0.4267129195091002
512,0,0.10507281101685315
516,0,0.2623215371022777
518,0,0.08805500955387446
519,0,0.044610675007175464
521,0,0.1642451804925715
527,0,0.044493305542477594
537,0,0.4075713058236243
541,0,0.0979042010941864
549,0,0.189185389656546
554,0,0.05748148700243867
555,0,0.11564058645941326
567,0,0.2302749117862078
572,0,0.14624732158039094
579,0,0.08293255884331928
586,0,0.16423303835272904
588,0,0.033887559934734246
592,1,0.5218037988838274
597,0,0.2600390763573544
598,0,0.03820501435493133
601,0,0.032858279943688326
603,0,0.059006446542893984
611,0,0.19035313374581858
614,0,0.22029506891100065
618,0,0.11676505947085483
620,0,0.44802807578457327
627,0,0.18051797452689805
634,0,0.173216841340681
647,0,0.04918034677130051
648,0,0.027590191406944343
655,0,0.17907986817143193
657,0,0.12152251235598752
659,0,0.28966100590537397
661,0,0.1468835032181681
662,0,0.4680191232467732
668,0,0.3130225035260428
671,0,0.03171076286643278
694,0,0.45913646591163715
702,0,0.07989302260661926
705,0,0.18589788337876287
709,0,0.18591588305630083
721,0,0.2214482164651717
724,0,0.232745109645691
735,0,0.2753108000020809
737,0,0.3362959135637271
741,0,0.03014484568002569
744,0,0.0753457341368617
767,0,0.07482233709160577
770,0,0.091163193561666
771,0,0.11932914569335476
784,0,0.11778343176304158
788,0,0.10799821609968822
789,0,0.07080680879354609
794,0,0.09208037865196109
797,0,0.17436084165141516
801,1,0.5573907719921001
804,0,0.406190989108879
808,0,0.07816414568113011
817,0,0.2384330373798295
840,0,0.07208412354544966
848,0,0.19515865645890842
853,1,0.7782032075479836
863,0,0.05153369263049005
865,0,0.26134213048336674
868,0,0.25410072229344194
873,0,0.22305863708346965
875,0,0.04002016089686127
876,0,0.3474221176209279
882,0,0.04957978001852768
886,0,0.19426604730628
890,0,0.06777290899914254
894,0,0.03461400347749696
899,0,0.15979086536041884
901,0,0.2200518466235613
902,0,0.0847278466514685
906,0,0.10927698853432292
907,0,0.052030709107245124
916,0,0.31294752894630024
922,0,0.03461796538433243
929,0,0.13165285908958385
936,0,0.13287240373184228
944,0,0.13777136528404066
947,0,0.1889475037641819
950,0,0.14459428694140292
951,0,0.4659214000998918
952,0,0.05134099714612983
972,0,0.3372067849199379
977,0,0.04035451449512817
981,0,0.04827707635480501
988,0,0.08289632091301209
993,0,0.22953820383101928
1004,0,0.20318294584408297
1006,0,0.08273202443197625
1032,0,0.48501142511429735
1033,0,0.22907087290623118
1043,0,0.24716846750480131
1045,0,0.46810969928155916
1047,0,0.23605381916860396
1048,0,0.2963903902933864
1056,0,0.22139026716971005
1058,0,0.18040756828186058
1060,0,0.2368348459479678
1064,0,0.33925991992785853
1086,0,0.05715356654989947
1092,0,0.1788048929585557
1096,0,0.2778321924000391
1099,0,0.09963032071081578
1103,0,0.29773523675892166
1106,0,0.07372779483410774
1113,0,0.24097597039926896
1116,1,0.5599263694792295
1119,0,0.12355045326301013
1122,0,0.30181812255728213
1123,0,0.40883248302590036
1134,0,0.38167336335820745
1139,0,0.4150291758108578
1142,1,0.5142070011360123
1143,0,0.11316845752164673
1145,0,0.2801703268220829
1147,0,0.1989594896616831
1152,0,0.023519015433417435
1155,0,0.12903530994198853
1162,0,0.027363032472961936
1173,0,0.44454477199608744
1176,0,0.20639933424315737
1177,0,0.4658204560255864
1178,0,0.05950165438792633
1180,0,0.04232349549789956
1182,0,0.2792293778659358
1183,0,0.1552539583643602
1186,0,0.04491201178882488
1187,0,0.1959743205221382
1195,0,0.43908157812323506
1196,1,0.5352859418737198
1212,0,0.4087516075840513
1214,0,0.1448489169036292
1219,0,0.10369796930951766
1223,0,0.22560833250485507
1230,0,0.035924197729357836
1234,0,0.04630586369353558
1246,0,0.06807530952733995
1248,0,0.42422355813762314
1250,0,0.4809131231895005
1252,0,0.14482903905147892
1273,0,0.043371334978861184
1282,0,0.05779005227581267
1283,0,0.2020489461804326
1285,0,0.10342829093132959
1288,0,0.14322890172790745
1294,0,0.3651261239297785
1298,0,0.10126599180390036
1312,0,0.16599748203776213
1320,0,0.13535428315619083
1322,0,0.14769209119161336
1326,0,0.3252694727210854
1332,0,0.08574189259614722
1334,0,0.22017168515302216
1338,0,0.36044803590698016
1349,0,0.03360166901253309
1366,0,0.28133092436071633
1372,0,0.1837951728473312
1374,0,0.057642440504824366
1377,0,0.06757923837483237
1384,0,0.19109301417924768
1387,0,0.13444413276658487
1389,0,0.2925244874958037
1394,0,0.033743528740397405
1404,0,0.04517035317212743
1430,0,0.1152246680657103
1432,0,0.06788106160344981
1440,0,0.03271982424701421
1441,0,0.05684198566132822
1449,0,0.18938391161357293
1450,0,0.18277754599741963
1453,0,0.1251346897578643
1455,0,0.06092192716202442
1458,0,0.1245064658910843
1462,0,0.0642241532617043
1463,0,0.07373609622385088
1464,0,0.08848116312962923
1481,0,0.04585005050834688
1486,0,0.06598873833286462
1492,0,0.22384224927370683
1494,0,0.02695155625555804
1495,0,0.11478455765067526
1497,0,0.07144183965345206
1508,0,0.2326100736074153
1514,0,0.09406566918696946
1515,0,0.1269608588852232
1521,0,0.18574567946220477
1527,0,0.0429584277139278
1532,0,0.13599208940515944
1533,0,0.03391784996327533
1537,0,0.01951889372796375
1550,0,0.041545523661653636
1553,0,0.18913694249843296
1557,0,0.19675750916356854
1558,0,0.10171093077468873
1562,0,0.25747253930704084
1570,0,0.045443320959002345
1573,0,0.029401012218519824
1580,0,0.2912807372503095
1587,0,0.032271031086656965
1588,0,0.024110531489595032
1591,1,0.57582616417575
1596,0,0.18032698518775261
1601,0,0.11123611077862663
1605,0,0.04475208892330189
1616,0,0.04187826961083335
1617,0,0.03610755736021425
1633,0,0.3187476323603859
1637,0,0.08510024810862861
1639,0,0.20602911936131943
1641,0,0.28130501187881063
1644,0,0.0510706966658069
1649,0,0.07125916221940756
1651,0,0.1713420282759782
1657,0,0.04328126676588605
1658,0,0.19755021703655237
1667,0,0.14883632629069948
1669,0,0.19204825761129785
1672,0,0.37944470132495167
1677,0,0.23949102154470675
1681,0,0.04425177090389193
1683,0,0.3577445187283215
1686,0,0.12442112263889679
1689,0,0.46512223457808666
1693,0,0.02480293218940532
1694,0,0.25329412150980574
1701,0,0.1999927663242091
1703,0,0.060099155151381166
1706,0,0.42095065759292966
1715,0,0.27246853186650444
1716,0,0.22199903679188804
1722,0,0.13127591062283483
1727,0,0.0559206490825214
1733,0,0.04089030005370334
1746,0,0.10767595510026089
1750,0,0.13130774950139415
1753,0,0.04957368846845189
1770,0,0.16243369925589632
1779,0,0.4940313199618623
1785,0,0.06099303936849111
1790,1,0.6176607870969664
1799,0,0.1311217432165916
1800,0,0.2861343384957447
1808,0,0.1177135224653691
1818,0,0.10519349531886954
1821,0,0.049542672476551745
1832,0,0.05959673924327187
1836,0,0.35862387208684066
1839,0,0.2842472433522484
1840,0,0.042095388954995136
1842,0,0.09233274119480063
1850,0,0.3433604366146511
1851,0,0.05874820085737481
1858,0,0.10466400957169675
1865,0,0.18392458455052052
1873,0,0.2971099147589761
1878,0,0.31967567932652025
1882,0,0.4431851025417573
1893,0,0.06808366729915201
1900,0,0.11041439614811974
1912,0,0.051698166482447114
1925,0,0.10710589448002386
1926,0,0.09201627887641894
1932,0,0.11204878797904809
1935,0,0.056989463563963935
1938,0,0.270578687830118
1951,1,0.7591949859089461
1964,0,0.11763212213541104
1969,0,0.1335863154815582
1972,0,0.08474824679228571
1977,0,0.1005175229813428
1985,0,0.050890466963297264
1988,0,0.062426704457266446
1989,0,0.1232566755610425
1990,0,0.3853336116202936
1995,0,0.40105100346075695
2007,0,0.04414438154549783
2011,0,0.18796578997153066
2016,0,0.1841049709634608
2017,0,0.10369594879494959
2022,0,0.07133224662183368
2024,0,0.06151037182511203
2031,1,0.6242592528735665
2037,0,0.4917290291507762
2038,0,0.35298719364574493
2045,0,0.05315214656469543
2048,0,0.057562206964168625
2050,0,0.182169917250437
2055,0,0.2554507577250472
2061,0,0.10999872110618743
2071,0,0.3406446205238292
2075,0,0.14167414386918603
2085,0,0.05362035026920984
2093,0,0.1346860625478784
2099,0,0.2578575344206336
2100,0,0.06993234074478817
2104,0,0.10396924413534232
2116,0,0.04693792089478632
2121,0,0.4057104710928837
2122,0,0.15717069363873287
2124,0,0.22082841280506682
2127,0,0.034161717352188016
2129,0,0.07133246456996709
2134,0,0.05691154749687366
2138,0,0.03483880248774804
2141,0,0.2109686238394545
2150,0,0.05312834892065997
2152,0,0.266119343521953
2156,0,0.17702985744831246
2163,0,0.1319550679540506
2165,0,0.18294029897395486
2167,0,0.22934124442654474
2171,0,0.13689847333850788
2173,0,0.1616218495832844
2175,0,0.20804026604328135
2178,0,0.1843231671744212
2180,0,0.07428331934304601
2186,0,0.04178284873399783
2188,0,0.059918661871014356
2199,0,0.1269487785289216
2201,0,0.4531737670939787
2206,0,0.03413172200734791
2210,0,0.05573372325991992
2212,0,0.041059257928676124
2216,0,0.2786224891188428
2218,0,0.44429711694183494
2220,0,0.04006007763957671
2231,0,0.29220283922316204
2233,0,0.16927046871521728
2236,0,0.11429840029413545
2249,0,0.09827488305307627
2256,0,0.25285277640341713
2260,0,0.16808303611508713
2262,0,0.13359409632993618
2265,0,0.16654409241060783
2270,0,0.04667756235369889
2273,0,0.0640290023953537
2278,0,0.08680966638502188
2279,0,0.09470324443127051
2286,0,0.40015955812530885
2289,0,0.036787824877521955
2298,0,0.08333702305714688
2302,0,0.0716939376242619
2310,1,0.5007919291720959
2312,0,0.08408015438236344
2315,1,0.5293875917723392
2316,0,0.12411605864352142
2318,0,0.34524653198698535
2327,0,0.12349120539306926
2329,0,0.07152099010311126
2330,0,0.09567097812781375
2331,0,0.2315447673809597
2338,0,0.036592313962832766
2340,0,0.26070294004036343
2341,0,0.025100030051050926
2343,0,0.16978444354183958
2350,0,0.26864892426448944
2352,0,0.11098953457752947
2361,0,0.05561613418039748
2362,0,0.27379129048190837
2367,0,0.15512018613893133
2372,0,0.12379122052221984
2393,0,0.07764834137833446
2401,0,0.4889555993683222
2406,0,0.059804561572732805
2409,0,0.12171845333561285
2410,0,0.06800685307096191
2418,0,0.03983032461707745
2431,0,0.06078711955559353
2433,0,0.1254585097222805
2435,0,0.08112939206506944
2437,0,0.028226947593863294
2438,0,0.1772298449734178
2446,0,0.08270919493649195
2447,0,0.17371953599190343
2450,1,0.5105055927600336
2472,0,0.14122359680701196
2485,0,0.2470519938854694
2491,0,0.22401563466773416
2496,1,0.8228763727651531
2505,0,0.42160201213692233
2506,0,0.2171222517102176
2508,0,0.16675135239006272
2512,0,0.16891972856135667
2515,0,0.05846796641879699
2519,0,0.02231839211695168
2529,0,0.06929982864001807
2542,0,0.12748477576084433
2543,0,0.239246159291458
2561,0,0.02884642027668722
2562,0,0.14380277148752116
2563,0,0.1304277722088092
2565,0,0.056505553755516136
2567,0,0.19382860482245357
2572,0,0.05260068899325034
2585,0,0.0746354724899174
2586,0,0.13797571546511683
2587,0,0.04642880795841319
2588,0,0.13610465864056692
2593,0,0.036041131049482256
2596,0,0.15697319703235252
2597,0,0.16170884314875028
2607,0,0.10453182954967961
2609,0,0.10824148049285001
2614,0,0.04940358108168049
2617,0,0.2759340243527176
2618,0,0.18120731803165274
2640,0,0.0495450470690463
2645,0,0.12038789478439742
2648,0,0.04735595518717073
2652,0,0.090420434995714
2654,0,0.3199337124683993
2655,0,0.20009603683333066
2683,0,0.17385433756202823
2693,0,0.16664627746624133
2695,0,0.05866662749876774
2696,0,0.048620062880844014
2699,0,0.40311133118889486
2704,0,0.09525337947696769
2708,1,0.6031717970132753
2709,0,0.029183282258858266
2715,0,0.08596932833385912
2720,0,0.11093667888306298
2725,0,0.3452664416566206
2728,0,0.4032865053684985
2734,0,0.21666737534049965
2737,0,0.14067822412077277
2744,0,0.05080568639499321
2745,0,0.4677319298983466
2746,0,0.045849833171980374
2748,1,0.5088636899453434
2749,0,0.17377713555949414
2751,0,0.04998297313523951
2754,0,0.3741616229186596
2758,0,0.20940162471734078
2776,0,0.20638334399692626
2777,0,0.17562945054885315
2779,0,0.41725599042946043
2792,0,0.0964656215300745
2795,0,0.13074950273244632
2808,0,0.02886445907773339
2809,0,0.38841736192970583
2814,0,0.44764840729732336
2822,0,0.03712600308177685
2823,0,0.1620971871053248
2838,0,0.45949246092395174
2843,0,0.0917469994538899
2853,0,0.15815598580862897
2857,0,0.14210819682581213
2866,0,0.4673690605216489
2867,0,0.04526995855719349
2873,0,0.1138455551733061
2874,1,0.5215346947395636
2878,0,0.421100014179851
2880,0,0.11661270106446117
2884,0,0.05440680468177148
2894,0,0.2744114257283762
2899,0,0.0783647146730019
2900,0,0.29818057643407253
2925,0,0.32537956816443786
2926,0,0.34715713999032133
2927,0,0.042552852900060896
2931,0,0.26686555162286085
2935,0,0.09042104224377005
2936,0,0.13344672837943844
2941,0,0.017543063188313335
2953,0,0.04653567458209659
2962,0,0.3541972667684296
2964,0,0.03794798535559108
2968,0,0.025241535014534994
2970,0,0.14246867239241817
2971,0,0.29374142673037096
2981,0,0.04163797895201702
2982,0,0.02972995104830557
2992,0,0.10781233996014057
2996,0,0.2645925795034251
3002,0,0.06891336250962546
3009,1,0.564544884005824
3011,0,0.23907962521367346
3013,0,0.21392934851441972
3014,0,0.07002917481085087
3031,0,0.04679131833298114
3033,0,0.021547564526218067
3037,0,0.13145250455500979
3038,0,0.27390495786533026
3041,0,0.031280630118262195
3050,0,0.06403202131756135
3056,0,0.144815284063329
3066,0,0.0472245187134986
3068,0,0.23863456767077812
3075,0,0.2834756806614098
3079,0,0.12719508763839213
3088,0,0.09524250326554869
3089,0,0.16349930134630708
3097,0,0.32786161419337534
3099,0,0.20251311629897364
3100,0,0.12133502966918377
3107,0,0.18464047696688562
3120,0,0.1648805250029508
3125,0,0.435731076758071
3128,0,0.21157049185497293
3132,0,0.1297021348830741
3139,0,0.14127238256002472
3148,0,0.15701547275104316
3150,0,0.30025685927165285
3151,0,0.03435953631141771
3155,0,0.029613559922230324
3156,0,0.3033337223180362
3159,0,0.15392850722189566
3162,0,0.23683897657719916
3163,0,0.2778573078763579
3175,0,0.04871580436492004
3186,0,0.16741501965043626
3191,0,0.13562553773809702
3194,0,0.08349931934891783
3195,0,0.20586434021751052
3199,0,0.32463373241438365
3200,0,0.14564128670276433
3204,0,0.19462518571607895
3207,1,0.5643972706888034
3209,0,0.06056343757079417
3215,0,0.19212217084201272
3220,0,0.15382541671109962
3235,0,0.14774969903328067
3248,0,0.13039205359293737
3261,0,0.11266771470323649
3266,0,0.13797376312456258
3273,0,0.21610388180940668
3280,0,0.3088875589584612
3285,0,0.23115894232590745
3286,0,0.23021487598229678
3287,0,0.21229250797813784
3292,0,0.22702178577336354
3298,0,0.14796022197392197
3301,0,0.06465096034860586
3302,0,0.2170070849177625
3308,0,0.14695963266468887
3310,0,0.14781895717693794
3313,0,0.13319791248515633
3320,0,0.1111001399468629
3322,0,0.4479829283285913
3323,0,0.1150271188141753
3326,0,0.2285133471354444
3346,0,0.05507016945910115
3354,0,0.07180294362504415
3357,0,0.3807423479877226
3359,0,0.11031851441901319
3360,0,0.19176884184214063
3363,0,0.24624751470085043
3368,0,0.06061251334970447
3374,0,0.15259759588697921
3385,0,0.20769640504146927
3390,0,0.13426099114983944
3395,0,0.06856258886624457
3397,0,0.11701202006179043
3399,0,0.38523907839824806
3407,0,0.12993906636304403
3411,0,0.09851249759890789
3418,0,0.17388462769272278
3429,0,0.17520737032017517
3430,0,0.05803868358275159
3431,0,0.15672108761386555
3445,0,0.0855438643410188
3448,0,0.14923662032196244
3458,0,0.09005171315529323
3459,0,0.04359487861037623
3464,0,0.2815574146054443
3465,0,0.0850846781642597
3469,0,0.15207411139069177
3474,0,0.029064231697189025
3484,0,0.04167489848603524
3485,0,0.19441323053526072
3487,0,0.18625422381838988
3489,0,0.14927428054986544
3491,0,0.21453127510844908
3497,0,0.059578587769919575
3501,0,0.34814618127815244
3504,0,0.15090889135346391
3512,0,0.08785164359347652
3514,0,0.036195337538236165
3526,0,0.08477121351865759
3529,0,0.048104493948109936
3535,0,0.04105153485110025
3541,1,0.5738860679779562
3551,0,0.1972579651115222
3553,0,0.06234982784695797
3559,1,0.5042790748632556
3568,0,0.3942478437673457
3570,1,0.5060674992409705
3572,0,0.12303153321240232
3582,0,0.15664494923342226
3583,0,0.1748372256415483
3587,0,0.10613139681296271
3596,0,0.027972111070432182
3600,0,0.07157232854717485
3611,0,0.2539121852871415
3625,0,0.05597314427818426
3633,0,0.034665435710754214
3644,0,0.10568759344760918
3648,0,0.061919498121438196
3658,0,0.16000667664435148
3667,0,0.19894055570044764
3669,1,0.5175470945208474
3678,0,0.032910299111355054
3689,0,0.384305278811847
3697,0,0.07687681936298428
3705,0,0.04444584785798665
3707,0,0.3032766636191496
3711,0,0.3005938037423316
3714,0,0.028625532851526574
3718,0,0.2218317370513657
3730,0,0.06451764107694823
3740,0,0.1354502705213919
3744,0,0.1542814144642531
3752,0,0.0635871128419373
3755,1,0.5564671588535643
3759,0,0.12311812664470603
3761,0,0.20426207104171437
3762,0,0.4294994089562795
3765,0,0.16940041867582173
3766,0,0.2298566573758805
3770,0,0.04443649105796961
3772,0,0.05395142107906412
3775,0,0.11372331965910747
3779,0,0.05432053390422383
3780,0,0.17786400565087362
3783,0,0.08222379804836807
3785,0,0.03811248931406681
3787,0,0.13932891511681875
3791,0,0.017784563985344257
3795,0,0.17488620397698357
3808,0,0.28456307135920084
3813,0,0.035493344782773606
3817,0,0.18647787895504203
3820,0,0.069917792438191
3824,0,0.3680522700151858
3831,0,0.06036302467341208
3835,0,0.16706314728468735
3838,0,0.1957415141529708
3839,0,0.0990336934376274
3840,0,0.09705677987482497
3844,0,0.03789801511257227
3845,0,0.24390654800108794
3849,0,0.23696562565563922
3860,0,0.20755028012864535
3873,0,0.12031013518117839
3876,0,0.055772465088557724
3878,0,0.21626267068731134
3895,0,0.1649360744180038
3901,0,0.10827244802040918
3902,0,0.06809014894804952
3906,0,0.4702148128784934
3922,0,0.03821034309053251
3925,0,0.14601414164926996
3928,0,0.3707514109806628
3932,0,0.10952507685149027
3934,0,0.30496201103667564
3939,0,0.047544172490849544
3951,0,0.1682057568247412
3954,0,0.3633334507203415
3957,0,0.05721571565529817
3961,0,0.4118791062288004
3966,0,0.32959080043806666
3967,0,0.2518698167690963
3968,0,0.07733564347038499
3975,0,0.22658277268090843
3977,0,0.056268554724684915
3993,0,0.04581858193837969
3994,0,0.02434210165527691
3996,0,0.13140282519637198
4002,0,0.07180533549423429
4006,0,0.1672031636739622
4011,0,0.17007325978156349
4021,0,0.25679304900950795
4026,0,0.1849709277085148
4033,0,0.18117901659495067
4039,0,0.4460005692787665
4042,0,0.05811232754268503
4045,0,0.08442561532361519
4048,0,0.17486321254275236
4050,0,0.0962670534083044
4059,0,0.044297811677958515
4061,0,0.12372224276204205
4066,0,0.13901843160701324
4069,1,0.5779029663451647
4075,0,0.32535980208883064
4083,0,0.13188481218151255
4085,0,0.1509735909823502
4090,0,0.2751590157644622
4092,0,0.037331596567000684
4095,0,0.348398847029751
4108,0,0.11458405121852469
4112,0,0.05856317369376098
4113,0,0.20944137412875463
4114,0,0.32395084293339926
4123,0,0.0493199540981117
4124,0,0.22934175420451508
4135,0,0.07199563284901188
4136,0,0.0770284237388521
4141,0,0.25091113172528273
4146,0,0.17831911489950025
4149,0,0.05034429938117212
4153,0,0.14724690774556853
4159,1,0.5303764741746809
4169,0,0.21408215018974444
4176,0,0.10407956130371046
4180,0,0.207449756944961
4184,0,0.10655905352281318
4185,0,0.08951046553078372
4188,0,0.16193562361235708
4190,0,0.1465413707506552
4193,0,0.19453099853271366
4198,0,0.03953056673570395
4200,0,0.03561323258217171
4202,0,0.357661029065186
4205,0,0.04731558836649476
4207,0,0.14508502185340674
4214,0,0.07016797230503743
4219,0,0.021333020234018667
4224,0,0.250945083584466
4226,0,0.1813186655283597
4231,0,0.06413924663897064
4240,0,0.05923438315247311
4242,0,0.17797723923927128
4244,0,0.14879479635031254
4250,0,0.09171197572507062
4258,0,0.058616714836397486
4261,0,0.21783418674474656
4263,0,0.09801273083560183
4273,0,0.18463550636490075
4279,0,0.05709788507622894
4285,0,0.057453524157369304
4292,0,0.2246878152847717
4294,0,0.06678602157893339
4296,0,0.06008818668046591
4301,0,0.14397952149784038
4305,0,0.033780957009738745
4306,0,0.12957644848767802
4308,0,0.03883482398188613
4331,0,0.1163552271307613
4335,0,0.4330985533414994
4343,0,0.11713630556500676
4346,0,0.20650557368059513
4357,0,0.08877983909785275
4362,0,0.16850781584524466
4366,0,0.03249286513075744
4367,0,0.1367729174941496
4372,0,0.1267303655307411
4380,0,0.370987936566145
4384,0,0.4526064980150868
4389,0,0.059737236176796896
4405,0,0.065264383834665
4407,0,0.05310943973022329
4410,0,0.02648730004754011
4427,0,0.021616870335747353
4428,0,0.13506358206708724
4433,0,0.10236513152275602
4457,0,0.16981033714300403
4463,0,0.42053130966465996
4466,0,0.0540519303847692
4467,0,0.17276689439337373
4480,0,0.0706856040567902
4491,0,0.04484198082014179
4496,0,0.0801871624101961
4498,0,0.0815725054667173
4510,0,0.14072039635652372
4512,0,0.04593809765502886
4515,0,0.049317705603239954
4521,0,0.483487501920114
4523,0,0.11258928539967324
4526,0,0.09240606233371926
4529,0,0.12938306878895234
4531,1,0.5245132992793103
4538,0,0.08354061994117627
4548,0,0.1331790857950262
4549,0,0.4891906693207824
4550,0,0.06925208796140594
4555,0,0.025312586068658476
4556,0,0.07292450237607422
4557,0,0.16733659240237622
4561,0,0.18162476986312842
4562,0,0.24831831341213725
4565,0,0.05206265459350057
4574,0,0.3969856279842049
4576,1,0.5425032076021781
4577,0,0.04174937687545499
4581,0,0.03272354396783074
4582,0,0.032050373705085754
4598,0,0.14867339576754857
4601,0,0.12120550170619356
4612,0,0.11063826773787003
4616,0,0.06763756640423915
4624,0,0.11366175187868044
4635,0,0.10623499924355732
4643,0,0.48948729255706996
4644,0,0.06879372029970143
4654,0,0.0931484157053733
4658,0,0.28230649557348514
4662,0,0.38464958800281074
4667,0,0.2289802699831624
4670,0,0.08792777362498369
4672,0,0.4841459929028401
4674,0,0.319174096782297
4677,0,0.13058353667767525
4679,0,0.027370405481276165
4684,0,0.1747016485150857
4687,0,0.1399131463211465
4689,0,0.29682580271914843
4699,0,0.0657456522788549
4707,0,0.1379762806435036
4708,0,0.03749835236368104
4711,0,0.33266754557788963
4718,0,0.10146709563650327
4719,0,0.17923474105584308
4731,0,0.17252780657171496
4737,0,0.027913664183959776
4738,0,0.21731615542374785
4753,0,0.14207826690291184
4769,0,0.07226262919391904
4770,0,0.1819029008995727
4771,0,0.25052086555091113
4783,0,0.01950808239615707
4785,0,0.28980317669082806
4786,0,0.2347001682489731
4787,0,0.08181575371182508
4794,0,0.0945679756640349
4805,0,0.2989436232852727
4814,0,0.07707684402505335
4816,0,0.06535262173827215
4817,0,0.024780256747319596
4820,0,0.043247207777582904
4821,0,0.04179668049942635
4827,0,0.02967797311729658
4836,0,0.12583509517037064
4840,0,0.07862251169236938
4841,0,0.25888937324627
4846,0,0.04729452274405327
4853,0,0.17642336374570217
4859,0,0.07356430564424643
4865,0,0.04486480933820326
4866,0,0.02054699620860587
4879,0,0.07478124342920629
4888,0,0.057499876449514584
4889,0,0.040148525715196684
4901,0,0.39228909316946675
4903,0,0.14257608168305608
4906,0,0.034934334553841
4908,0,0.0690436518632875
4915,0,0.058555061956049634
4919,0,0.10275673520775024
4928,0,0.1182807635535402
4929,0,0.03826062629961726
4935,0,0.05519950261431896
4936,0,0.0630357125572201
4945,0,0.05247923309578608
4946,0,0.12059048865379143
4948,0,0.36846041179690114
4952,0,0.06475044537997719
4956,0,0.2862334495679598
4957,0,0.24916055401545006
4958,0,0.035643070439862666
4961,0,0.4623987633245988
4971,0,0.21104181332247993
4974,0,0.2582221345994872
4978,0,0.3850518011129913
4980,0,0.2736186941454517
4984,0,0.05276200069385326
4986,0,0.0700359316482243
4987,1,0.5224634832359438
4990,0,0.06579956666218092
4992,0,0.15088455448446392
5002,0,0.01564770822270542
5006,0,0.24207408212174605
5010,0,0.09790323515121084
5013,0,0.13361877499931188
5020,0,0.07064419556717574
5025,0,0.11774216555932308
5029,0,0.3353298623948571
5033,0,0.2803866046416133
5035,0,0.08630864545705394
5039,0,0.0444318127055397
5044,0,0.37513819243844243
5047,0,0.39535330353117837
5053,0,0.14173219049080182
5059,0,0.04967270370022307
5066,0,0.054174310479197615
5068,0,0.036130230686574435
5074,0,0.08382619638568128
5076,0,0.3514685973262238
5080,0,0.16283416266492212
5084,0,0.06050421410633082
5099,0,0.06303696388531299
5100,0,0.10166143066097502
5103,0,0.0262478378546372
5110,0,0.06474925833036796
5119,0,0.33232956975106165
5124,0,0.05506399899710307
5126,0,0.25694052445473314
5127,0,0.19452085507176867
5139,0,0.04096506738795415
5146,0,0.4264152381478688
5156,0,0.031122395603998786
5157,0,0.023097182663947946
5158,0,0.04593098069576117
5162,0,0.0872411685684839
5164,0,0.052696757334484624
5167,0,0.11710159098775721
5171,0,0.09325887089968572
5176,0,0.02441588339040527
5179,0,0.11694380997742577
5180,0,0.1305691165567386
5183,0,0.11821594288571136
5186,0,0.18668536500557356
5196,0,0.2654455262762586
5199,0,0.2298752254608869
5201,1,0.5338256749282421
5207,0,0.22802865282268608
5208,0,0.08594391512623092
5209,0,0.1944732157496853
5218,0,0.09114440482888031
5223,0,0.19472973149638945
5224,0,0.18135012945374954
5229,1,0.5879693946362095
5234,0,0.4587395179423968
5244,0,0.08202205109604654
5246,0,0.07092953571509995
5248,0,0.1536492366009448
5254,0,0.027927869554258383
5257,0,0.4138175157064435
5258,0,0.07542159269282524
5260,0,0.1447011905728737
5267,0,0.12008408846358487
5269,0,0.147661944915691
5270,0,0.160694300930727
5272,0,0.06230606541639032
5276,0,0.22107809050886645
5286,0,0.05128727161584642
5289,0,0.48707925499788407
5291,0,0.03960285426868121
5294,0,0.25898679112369594
5302,0,0.08506747292479695
5303,0,0.041462167462713154
5305,0,0.03210647471140029
5307,1,0.5046225664831313
5314,0,0.06270315592745235
5329,0,0.17628917625373314
5332,0,0.2018545666592889
5334,1,0.5835911989910032
5337,0,0.11950343727304076
5340,0,0.1524972370625396
5342,0,0.1155780880951182
5347,0,0.23913274983133515
5348,0,0.1642839767235855
5359,0,0.035320652671657495
5360,0,0.14335236431259174
5362,0,0.02359181512808419
5370,0,0.04914735784942924
5371,0,0.33876128152933715
5375,0,0.182068489339004
5379,0,0.07762650213832037
5381,0,0.1915200591649117
5386,0,0.09883392722783571
5390,0,0.2868503548497346
5403,0,0.09454553289234975
5406,0,0.19775159561288724
5407,0,0.09846889547705226
5414,0,0.052916201936868315
5422,0,0.20152822414688093
5423,0,0.19394610746082724
5440,0,0.3216486484261722
5441,0,0.16394393164353024
5447,0,0.05685272207259997
5450,0,0.131488396370566
5451,0,0.09692323319478184
5453,0,0.12003021481263568
5454,0,0.24851457126502488
5462,0,0.044444621541071136
5467,0,0.17762324191674236
5469,0,0.11276349277849511
5470,0,0.1899946163014079
5471,0,0.4737627854448349
5472,0,0.10872707219355618
5477,0,0.04180172401023975
5485,0,0.16476783407558032
5486,0,0.040325378113638746
5488,0,0.22260525685876717
5492,0,0.293525376079213
5495,0,0.3023574713277362
5505,0,0.14598001111216813
5511,0,0.11141246002813876
5516,0,0.05801802611340342
5526,0,0.4016488258466044
5531,0,0.18225752278969978
5535,1,0.5177737696882901
5538,0,0.09520209146878093
5549,0,0.17939214893805705
5550,0,0.19852779484330102
5553,0,0.0945737062993179
5554,0,0.024046960785039918
5555,0,0.06761730892256311
5558,0,0.3662544378223228
5560,0,0.08440622069325249
5571,0,0.4741913359531732
5573,0,0.4924127660293995
5578,0,0.2010137427854158
5581,0,0.11025127283420577
5585,0,0.294068819614325
5592,0,0.20226825578434143
5594,0,0.1732649169576359
5600,0,0.11505713566675613
5605,0,0.3391012221195334
5606,0,0.03294866739170621
5607,0,0.13415671995464837
5611,0,0.09479784794929091
5617,0,0.17944679203933184
5624,0,0.16148126575398103
5631,1,0.5443754419138632
5633,0,0.09704699956250115
5640,0,0.09575625953637223
5648,0,0.06369522511738343
5651,0,0.33360852796871193
5657,0,0.07088881617251243
5658,0,0.15868475940961044
5659,0,0.08471590685465837
5667,0,0.3663964483972736
5668,0,0.19523622115346348
5676,0,0.05328986593633732
5683,0,0.3945514555196681
5712,0,0.17007453095785027
5720,0,0.1355712558143865
5724,0,0.3966289209677603
5725,0,0.13754303035824506
5736,0,0.08033126473402082
5745,0,0.13028530562271748
5748,0,0.02655643690438813
5750,0,0.1732306565819632
5752,0,0.06204092320914156
5755,0,0.1722621487962838
5756,0,0.04384818449653884
5764,0,0.2049715241478685
5766,0,0.2359990878665529
5779,0,0.11806997758472212
5782,0,0.220657329588201
5784,0,0.19126645793319252
5791,0,0.17986507705890345
5796,0,0.03932060899558858
5800,1,0.5723848907073226
5806,0,0.04663179908883155
5814,0,0.056118858979429
5818,0,0.3023974968718189
5824,0,0.046985539160619
5831,0,0.11985507367187616
5841,0,0.10450564868935375
5844,0,0.07048419854442647
5868,0,0.11461105542811531
5875,0,0.1155048804038707
5879,0,0.09100395476496605
5882,0,0.043708097324259225
5889,0,0.05578643070261502
5893,0,0.3400209896719729
5896,0,0.20059299016310064
5900,0,0.056482264953977034
5904,0,0.04505134723535789
5905,0,0.039882507239654585
5917,0,0.29982325002007804
5921,0,0.11547843877723112
5922,0,0.2792286964489624
5925,0,0.10776421855674534
5928,0,0.029143596723208903
5929,0,0.1229238155361027
5930,0,0.07516560813232842
5939,0,0.06496314866727379
5959,0,0.12806492384528087
5968,0,0.29646819270926084
5971,0,0.039983003648139816
5978,0,0.23442329072971183
5994,0,0.08603913967587896
5995,0,0.23481847632969957
5999,0,0.1334027069336578
6004,0,0.16101825830273753
6009,0,0.05030622341140175
6017,0,0.0479172974969264
6023,0,0.4483261700697595
6037,0,0.09173546855227344
6038,0,0.03501734989271868
6039,0,0.03252283918674206
6049,0,0.19147341319006514
6051,0,0.4257510201320229
6057,0,0.3986753769427167
6059,0,0.286547388897168
6061,0,0.19202164596684446
6065,0,0.0826044382208159
6072,0,0.0198122083038971
6078,0,0.09041724106023007
6080,0,0.1066822992710951
6083,0,0.22559376173559778
6084,0,0.3432040218148788
6088,0,0.1884328986284932
6093,0,0.1821809771979992
6105,0,0.021690822132289855
6106,0,0.1822307427015768
6107,0,0.08285975203209048
6112,0,0.19879127695856658
6118,0,0.26344450621742405
6122,0,0.1467602111767753
6126,0,0.13425230392973977
6131,0,0.05241646506461395
6132,0,0.11283326726130341
6139,1,0.6622129385695076
6143,0,0.1263900103927374
6149,0,0.0416558169857739
6155,0,0.05982519730038939
6158,0,0.14609654255402574
6165,0,0.0312109369505399
6173,0,0.15348027894204622
6181,0,0.30364827257399024
6182,0,0.07720246326808919
6185,0,0.04378235049909772
6199,0,0.14860949249094962
6201,1,0.5227191775980163
6217,0,0.09553189294256473
6225,0,0.18079364058082747
6229,0,0.055913857442276615
6239,1,0.566114775953368
6242,0,0.09748685918772898
6245,0,0.1339997385996654
6248,0,0.16665545464104795
6260,0,0.04686535625060564
6261,0,0.045818783203828664
6262,0,0.19752188906201082
6272,0,0.09001452170976211
6280,0,0.2828265288716677
6286,0,0.13792065728909436
6292,0,0.47227157850845475
6294,0,0.15600948485458696
6295,0,0.06416625869854206
6299,0,0.08848655351388875
6301,0,0.13729466568410129
6303,0,0.35105780535739095
6315,0,0.07369854908737232
6317,0,0.17343009159027223
6324,0,0.2144964072092958
6329,0,0.15270328485070644
6334,0,0.13520982563988443
6340,0,0.045208906576940946
6344,0,0.08395233344333339
6352,0,0.31126841138199135
6358,0,0.07943451457490769
6362,0,0.03542587045767415
6365,0,0.11170823810378447
6366,1,0.5319671956084374
6370,0,0.02272193689067731
6373,0,0.2195688242326931
6378,0,0.4546312823284656
6385,0,0.13636458452137729
6386,0,0.07914897339048135
6388,0,0.03352289014605024
6394,0,0.24023689819303384
6398,0,0.2147060798523746
6410,0,0.3878521113307324
6412,0,0.04085178909823877
6414,0,0.2330402197961229
6422,0,0.37707879912487546
6426,0,0.30543372250120765
6428,0,0.1888839677944253
6433,0,0.2105512864253242
6443,0,0.3302474655640778
6445,0,0.17305592717996018
6454,0,0.048331242878971295
6457,0,0.06378760549058674
6458,1,0.5388815050052608
6459,0,0.0995046428210377
6460,0,0.08719442831960132
6462,0,0.12349675383728323
6464,0,0.025322439617601483
6469,0,0.157559460973408
6476,0,0.07653939756231591
6477,0,0.05016590846561351
6486,0,0.3489125575470043
6487,0,0.06026832483204318
6492,0,0.23588187971261548
6498,0,0.09760397883721683
6506,0,0.025471610834842156
6516,0,0.21146821715236186
6524,0,0.11734085284758251
6527,0,0.02913225028441672
6533,0,0.3043110816415091
6537,0,0.11598724958932413
6540,0,0.23126967586627697
6547,0,0.2897806897111718
6548,0,0.11879631949934746
6552,0,0.16568975528008545
6557,0,0.02700036390105175
6559,0,0.08940013103252246
6560,0,0.0640859752180218
6561,0,0.15628445557212584
6568,0,0.11091041478942007
6569,0,0.12493254460868033
6578,0,0.3165147035739159
6582,0,0.24140908876743866
6586,0,0.12666458447714363
6587,0,0.1349410576168976
6610,0,0.2140583401100443
6614,0,0.03721906550709466
6619,0,0.03256483523728196
6629,0,0.1768216833112472
6630,0,0.13526467669714007
6633,0,0.1320050460241588
6634,0,0.22444482613005706
6635,0,0.17285883465070684
6637,0,0.11553943912848896
6648,0,0.04768615510716333
6650,0,0.12426241178499794
6655,0,0.31235114975601413
6661,0,0.26584745087125283
6670,0,0.21927407946953234
6680,0,0.12039146709764872
6684,0,0.125888509908703
6688,0,0.09735853957478763
6689,0,0.11543357282631983
6691,0,0.241992664785016
6692,0,0.10827538308713121
6694,0,0.3137242403548196
6695,0,0.1386948263890167
6699,0,0.18396214788915577
6702,0,0.05359913192592345
6723,0,0.4592297765428553
6731,0,0.22189684427240058
6737,0,0.044684684859805326
6743,0,0.03158051549681218
6744,0,0.12711687954058296
6761,0,0.11062339811358038
6768,0,0.4705013262096667
6769,0,0.4070999105390588
6782,0,0.3545273002731105
6784,0,0.2846718189572516
6785,0,0.2089964380529147
6792,0,0.17736436405553568
6796,0,0.03772371752557061
6812,0,0.03283544467565054
6818,0,0.1650097417042384
6827,1,0.5785066728125148
6831,0,0.050166233220092615
6833,0,0.11174292830832726
6835,0,0.3441241660305474
6839,0,0.08780807302986138
6840,0,0.13462909874603413
6841,0,0.18155095227480267
6847,0,0.08830003805456368
6848,0,0.09431461085669945
6850,0,0.1268866031390045
6855,1,0.6951252732227567
6861,0,0.10885889834270619
6867,0,0.09698754272274071
6870,0,0.057977360526306844
6872,0,0.0294056429342894
6877,0,0.024630182819237095
6886,0,0.17469687214009072
6889,0,0.08919241178497131
6890,0,0.021537508428860007
6896,0,0.20099039557560436
6898,0,0.18491796291003104
6901,0,0.13606395991747347
6903,0,0.08101220893798816
6907,0,0.10532413065100585
6911,0,0.31405229795952494
6921,1,0.5174437838014356
6924,0,0.3314523691251199
6935,0,0.019680484915239025
6936,0,0.21344230234945036
6937,0,0.030582224132921016
6938,0,0.0213473961578386
6945,0,0.12589836891039255
6950,0,0.19226734385001393
6959,0,0.05492197588463105
6960,0,0.23195129986625557
6963,0,0.08542897274321035
6979,0,0.22775680707752102
6982,0,0.03191477118981628
6985,0,0.16346076737952014
6990,0,0.02721833587596923
6991,0,0.07445236957668822
6993,0,0.06918127967567828
6995,0,0.36162038004818975
6999,0,0.1515676694275305
7003,0,0.0939638463283721
7006,0,0.2605738854368936
7009,0,0.047879990893551216
7013,0,0.22969824801689845
7018,0,0.37122576412397806
7021,0,0.026916662035791766
7027,0,0.05172365074209807
7031,0,0.091629403947166
7032,0,0.062186137976898016
7061,0,0.2567359017572264
7062,0,0.04736305474058326
7063,0,0.04449800801270076
7064,0,0.17064339735878972
7066,0,0.26634373203770767
7067,0,0.22832701637567432
7068,0,0.4455419420147149
7072,0,0.12856318216190932
7076,0,0.07427747486868654
7077,0,0.31370827941364837
7082,0,0.4176767696752167
7092,0,0.07519061308878083
7093,0,0.12967520394159054
7095,0,0.15875814816659423
7100,1,0.5390611173212522
7108,0,0.1430121358767412
7114,0,0.2672145659488329
7116,0,0.17226996757162955
7122,0,0.30916413042493607
7128,0,0.12709955589454047
7131,0,0.17424130568463053
7137,0,0.2963773352970499
7142,0,0.40065951376830355
7143,0,0.3858330747311417
7148,0,0.07484637697750342
7156,1,0.5428436535287258
7178,0,0.02265968411531139
7179,0,0.09609702948922047
7180,0,0.2639821707868401
7182,0,0.07613035306970753
7183,0,0.27771402383592675
7197,0,0.20702679591506704
7200,0,0.06572441171574502
7204,0,0.4073821594367185
7206,0,0.38203797683481866
7208,0,0.17587952178639404
7210,0,0.1710986968428399
7211,0,0.028936133840918348
7213,0,0.15025605548748633
7219,0,0.1158100889716498
7223,0,0.039039591911736386
7229,1,0.559600643147384
7230,0,0.35793354692262624
7238,0,0.1384917801930254
7246,0,0.03378630746411741
7251,0,0.14913317804474552
7256,0,0.205231456156435
7257,0,0.1677908601921315
7258,0,0.13265685654138643
7264,0,0.04760958805805849
7266,0,0.042979610551264744
7275,0,0.35634150645489526
7276,0,0.23319834271225917
7282,0,0.0914391664743325
7289,0,0.11057660800355784
7294,0,0.4077456301170635
7297,0,0.04791883929249123
7299,0,0.03816903979056242
7301,0,0.06531092545414982
7303,0,0.05008673069122009
7306,0,0.4645982581180119
7313,0,0.36509235907910276
7316,0,0.2524712215354225
7321,0,0.3782363364262061
7328,0,0.34239654440096884
7334,0,0.04331210703974183
7338,0,0.31535053033554145
7339,0,0.10497730366034852
7344,0,0.30546048268558595
7348,0,0.19206086629886024
7351,0,0.06000415348468541
7360,0,0.07584826206138505
7362,0,0.029472580732511
7366,0,0.05648036597684521
7371,0,0.18079573729285908
7378,0,0.06373891670462854
7386,0,0.2722198542318047
7402,0,0.43997389333599396
7407,0,0.05573095190065667
7419,0,0.07877064529601394
7426,0,0.2734957787048319
7430,0,0.3460712636729337
7437,0,0.238737695679548
7443,0,0.0900370563891008
7447,0,0.18741566522267142
7448,0,0.042596900674124624
7451,0,0.022809395981954167
7458,0,0.1965781623077504
7463,0,0.19998381529156292
7470,0,0.05844935662103181
7473,0,0.358052710012012
7476,0,0.215533127923167
7478,0,0.05498560181932259
7489,0,0.03354136421248086
7491,0,0.02999303644809769
7496,0,0.05275625452136505
7498,0,0.4072683047794632
7499,0,0.08199526916330616
7508,0,0.04637415217120142
7510,0,0.04190425722154566
7511,0,0.13280287732894833
7513,0,0.059712355671012164
7514,0,0.043419994758312666
7516,0,0.16167047398372306
7539,0,0.0707012412450553
7543,0,0.13326518037735333
7549,0,0.04608776471027418
7570,0,0.08397252197487157
7577,0,0.10611534893518712
7579,0,0.3070413941619762
7593,0,0.18087894824462053
7605,0,0.04169401469034434
7617,0,0.03666350640417028
7621,0,0.05227885030813119
7624,0,0.04045172584336317
7635,0,0.053221493354691576
7645,0,0.32033391145618223
7652,0,0.29465511938407674
7657,0,0.046861816155865314
7666,0,0.1724423550435424
7672,0,0.12561875877619985
7673,0,0.30137800890811606
7675,0,0.07115813711225212
7676,0,0.1858921154639613
7684,0,0.025596558529144896
7685,0,0.09852836931264537
7687,0,0.2953228165932106
7696,0,0.07062395425748139
7699,0,0.09997133562088842
7709,0,0.13164778195872315
7712,0,0.09077695703387104
7714,0,0.17184044958311834
7724,0,0.22433113721784875
7725,0,0.11183998499215157
7733,0,0.3877246224008942
7735,0,0.14410208558660614
7737,0,0.042360342587807076
7742,0,0.14253990832866487
7750,0,0.18375462758077196
7751,0,0.3314295631471714
7752,0,0.1924875313707926
7753,0,0.2048761635141129
7755,0,0.4521788549481466
7756,0,0.16081284204394192
7760,0,0.28501921957257526
7762,0,0.11490490537291491
7765,0,0.29263415179206353
7769,0,0.3052569465776306
7786,0,0.06110033737318734
7798,0,0.09178018613047942
7801,0,0.16455429736924937
7809,0,0.4736615367343462
7812,0,0.05229180450681239
7818,0,0.26622411883613956
7819,0,0.19208275954448373
7820,0,0.18984373068472538
7824,0,0.1471047305342247
7828,0,0.0775107621755964
7831,0,0.03972494473859596
7836,0,0.06058324591711893
7837,0,0.16221921053837313
7843,0,0.12065020266681029
7846,0,0.48408024976576114
7852,0,0.17429798711523337
7855,0,0.03787858904512037
7865,0,0.21464192578867491
7870,0,0.025883220443730807
7872,0,0.14805065952923266
7873,0,0.11862719174323519
7874,0,0.46831900087397643
7884,0,0.16415777602977993
7887,0,0.25255073195165034
7891,0,0.19026486064017392
7892,0,0.036035083327438634
7896,0,0.02405963005035663
7900,0,0.017992657624446556
7906,0,0.04482128854863702
7909,0,0.05494360560526507
7915,0,0.08987257913214883
7920,0,0.20345750472659105
7925,0,0.2387940899945918
7927,0,0.10848698981682108
7929,0,0.06713495921730621
7930,0,0.29459762641648696
7938,0,0.42808153881208727
7940,0,0.2232176019838425
7945,0,0.44183541515970504
7947,0,0.09343145082851916
7949,0,0.23237815317647198
7954,0,0.15891545494655449
7956,0,0.10013136917180829
7961,0,0.18622475693519697
7962,0,0.16672501435957604
7968,0,0.10825915326686775
7983,0,0.22658919829864893
7987,0,0.0568026906276078
7990,0,0.07672761173028679
7992,0,0.14419636316226916
7996,0,0.3135639493098287
8000,0,0.3065931371347911
8003,0,0.09054235591279514
8004,1,0.5009688314998992
8007,0,0.39042994684710236
8015,0,0.2547383930777392
8016,0,0.0860654481289095
8026,0,0.46966954964055285
8029,0,0.4481732954401201
8030,0,0.060981778464453296
8040,0,0.16786621528889967
8045,0,0.1465281042971744
8047,0,0.05279762258693053
8048,0,0.05937210611570852
8050,0,0.08662771200492113
8068,0,0.18336362551699886
8074,0,0.14993254306951415
8089,0,0.21278035299397008
8095,0,0.12585599693942068
8096,0,0.37471320622276083
8104,0,0.04749369540627881
8106,0,0.35864912552975564
8107,0,0.10632310166431261
8112,0,0.16401243101016563
8115,0,0.23498202700264467
8121,0,0.12131185655234542
8122,0,0.22045227427864375
8123,0,0.2876175897342764
8124,0,0.3218955849650774
8126,0,0.047028400476631975
8128,0,0.06084948453098421
8130,0,0.04641907475473962
8133,0,0.15175317727683674
8138,0,0.04533875400421877
8139,0,0.43065937387315645
8142,0,0.1046906176358166
8145,0,0.05691463541491145
8146,0,0.23539811046916173
8149,0,0.13821715225520945
8169,0,0.04015242445969002
8174,0,0.3406709351398087
8175,0,0.3882845821740569
8178,1,0.5562511979625062
8184,0,0.05288162273807845
8191,0,0.4546445019686624
8215,0,0.4617838956428316
8233,0,0.1899397512225637
8247,0,0.30797473334447634
8253,0,0.15935260661784884
8257,0,0.05683043810550538
8259,0,0.19347429196416135
8265,0,0.13591510012032337
8269,0,0.3174660466422938
8272,0,0.029635353272750558
8276,0,0.3791918026167073
8279,0,0.02744380013182654
8287,0,0.051633693091749214
8290,0,0.034027957676468566
8294,0,0.1531944967092215
8298,0,0.13605372185202405
8300,0,0.21988155113085078
8302,0,0.10472106291184391
8303,0,0.2198604130450117
8304,0,0.18744474994535276
8307,0,0.403883696876545
8316,0,0.020754230853449084
8333,0,0.11327699353739687
8334,0,0.1879193906141543
8337,0,0.4975418396178496
8347,0,0.024251436182935862
8351,0,0.2524448950255601
8356,0,0.21767570999378266
8360,0,0.1962720697710389
8365,0,0.16661178201612067
8366,0,0.19425002714846107
8369,0,0.11786210821387019
8377,0,0.19493722004562142
8380,0,0.23478652451141696
8382,0,0.3080735896156076
8387,0,0.10178715910788569
8394,0,0.15025104076098578
8398,0,0.039947895886232446
8406,0,0.04840940001873211
8408,0,0.10830075892474367
8415,0,0.049097226288863094
8416,0,0.09741053286650134
8422,0,0.07076341074385728
8423,0,0.3236426092225821
8430,0,0.21897248315817092
8436,0,0.04670007691168006
8445,0,0.139815164133322
8446,0,0.023572902583311534
8447,1,0.5472049886552437
8452,0,0.019049188743413027
8455,0,0.15000298064156087
8456,0,0.45069781599246694
8463,0,0.08686725351881083
8469,0,0.3610063113565862
8472,0,0.39251496924347656
8478,0,0.3960964375888353
8486,0,0.02413531098367875
8488,0,0.13113039104312224
8498,0,0.42453302192056663
8500,0,0.21011279270798347
8509,0,0.12644828354626486
8510,0,0.25542177974621033
8514,0,0.07602027930566285
8515,0,0.023113615020509046
8516,0,0.1145870109712221
8517,0,0.32843026890726906
8519,0,0.328383104131512
8526,0,0.03302170346323102
8527,0,0.41684668248639944
8531,0,0.3550417626115058
8546,0,0.06932005331486626
8547,0,0.0887906202572546
8548,0,0.11390532953772854
8550,0,0.031098026325895523
8556,0,0.32445914243238827
8560,0,0.13896548203906128
8565,0,0.13328679907589983
8580,0,0.3638022736285009
8594,0,0.12340626131976322
8613,0,0.023912591900531365
8614,0,0.3339823723407412
8618,0,0.08363234987643427
8620,0,0.3629492774373989
8622,0,0.19650873247487236
8624,0,0.3766711815685617
8625,0,0.053534628609342175
8635,0,0.06783282480149266
8639,0,0.19515237578628153
8642,0,0.019690863265374548
8643,0,0.32693750461870147
8658,0,0.4292613903658286
8660,0,0.11907140767761112
8671,0,0.06460585719155457
8673,0,0.021359916440553104
8679,0,0.07433950522054251
8682,0,0.2434941023231329
8683,0,0.03243990912778228
8694,0,0.22954882624840717
8702,0,0.28108986858440216
8703,0,0.16852659857415553
8708,0,0.1106511996133948
8709,0,0.13409712800230647
8711,1,0.5168967925621994
8715,0,0.055754817009605585
8719,0,0.1588179647181592
8735,0,0.2147789423692322
8748,0,0.23501628105867883
8749,0,0.4910065503822302
8752,0,0.11869461388600255
8756,1,0.5394531015144878
8766,0,0.10903457862870114
8768,0,0.14737781063749994
8769,0,0.03965294084254266
8773,0,0.034591241120572644
8775,0,0.07576795889332714
8780,1,0.6298584200042373
8784,0,0.19784342876850441
8789,0,0.13953997538538015
8795,0,0.12477743129958822
8803,0,0.13510305286422683
8810,0,0.09926959633637746
8813,0,0.16377869404736836
8820,0,0.3222738966376643
8828,0,0.053184710496181044
8834,0,0.15839527316382562
8835,0,0.210468008850417
8836,0,0.22743916338225506
8838,0,0.021674123847098613
8844,0,0.15385345010965926
8851,0,0.1284039341661182
8853,0,0.4018497105387908
8862,0,0.03742347310743506
8864,0,0.2278548577951654
8868,0,0.029509699322328282
8872,0,0.08427044806730463
8875,0,0.10546262611951447
8877,0,0.2675933437454722
8886,0,0.19907573360731157
8890,0,0.13161754513212737
8891,0,0.4462843847195718
8894,0,0.02747902077984644
8895,0,0.05842110801468601
8899,0,0.4453500121041817
8902,0,0.35065229605670906
8911,0,0.11612569370386208
8912,0,0.03947880960351312
8913,0,0.06314699316567489
8914,0,0.12276478689049082
8915,0,0.0918276140550146
8917,0,0.21313757587123092
8921,0,0.11153020250132273
8922,0,0.2610118984618496
8924,0,0.17313495930549952
8928,0,0.25204223804415754
8940,0,0.08954776167208396
8941,0,0.11765287453923201
8951,0,0.019514399665969427
8959,0,0.4269566187350379
8973,0,0.0521097092790442
8975,0,0.09709395147426723
8980,0,0.09937871534551909
8986,0,0.2640915328295743
8989,0,0.17944291180539934
8990,0,0.04835571037283374
8991,0,0.23113368083687708
8997,0,0.07794156082807653
9001,0,0.04990583861462804
9003,0,0.2186653050453617
9004,0,0.24081909380072322
9008,0,0.07325884282769178
9009,0,0.029247075977096647
9013,0,0.2281030547613608
9024,0,0.14194784782693373
9029,0,0.12916432172844158
9030,0,0.19071033091248507
9032,0,0.21029513497716415
9036,0,0.06241179810580618
9043,0,0.03675274675751884
9046,0,0.1422301062856021
9050,0,0.15085501258518347
9053,0,0.02681923233663665
9056,0,0.3303983677316157
9064,0,0.09263570764624411
9070,0,0.4198886810437655
9071,0,0.07077937886276756
9072,0,0.054240616159074564
9076,0,0.19674904233031426
9078,0,0.022459489243335594
9082,0,0.12379885589522766
9084,0,0.18696368020884596
9085,0,0.3727846167082878
9087,0,0.37422537375700005
9093,0,0.13627635537204735
9094,0,0.22666037039650302
9097,0,0.36799614727179064
9107,0,0.2220644027766498
9108,0,0.06808793721043918
9111,0,0.05583670351986646
9112,0,0.3609997418556399
9128,0,0.05533325610652964
9131,0,0.3329424133832951
9140,0,0.40608515907732634
9147,0,0.10450538519884463
9151,0,0.3582841806767282
9154,0,0.0940438393250526
9161,0,0.243189402094254
9164,0,0.07019090988255397
9165,1,0.6847878192462284
9166,0,0.16778073684105285
9177,0,0.18264772494458442
9190,0,0.05036216830779784
9194,0,0.08790173460308497
9195,0,0.12987715630079713
9200,0,0.35391583655058856
9203,0,0.06614725350066705
9208,0,0.1421966600593927
9218,0,0.16638817544662748
9222,0,0.26266105994571326
9226,1,0.5209088461299081
9231,0,0.06378237808607996
9245,0,0.11072674271603511
9251,0,0.04163557020239382
9254,0,0.11087943656733787
9257,0,0.15194716102716996
9266,0,0.05013447816605696
9272,1,0.5254732320191842
9279,0,0.14511799846400947
9285,0,0.10929436388470523
9293,0,0.1928940863948993
9294,0,0.14287812545486298
9310,0,0.13314174807049486
9311,0,0.060246944005583336
9317,0,0.07874113321615658
9328,0,0.2315331586451464
9334,0,0.08846401154339735
9338,0,0.1993963199445406
9339,0,0.14927712331133475
9341,0,0.06289241796184054
9348,0,0.10004424003770052
9352,0,0.04543967819830251
9357,0,0.3554571376630678
9366,0,0.051808481915931806
9368,0,0.053023612558861864
9375,0,0.04363897802107772
9377,0,0.020564825481135307
9381,0,0.09793953472702685
9383,0,0.02797516985758165
9388,1,0.5128145939381199
9391,0,0.03973055657501766
9397,1,0.5095798424658319
9400,0,0.14127956364651512
9402,0,0.21517267288986347
9405,0,0.13432889395478997
9408,0,0.0800603951015069
9409,0,0.17835825643142805
9412,0,0.02925442489680403
9413,0,0.1724676980386889
9415,0,0.11383730271580403
9422,0,0.10951044751859515
9428,0,0.07055877124115889
9430,0,0.12128190874909346
9439,0,0.1721198316857469
9445,0,0.05730593131273617
9458,0,0.044047590376773894
9459,0,0.32228794813590367
9461,0,0.20484040090690706
9462,0,0.10548204178308751
9467,0,0.1272879813807576
9468,0,0.18285835947980789
9473,0,0.05992801210845768
9475,0,0.1532592977187645
9476,0,0.07844126111135785
9480,0,0.09705738069629088
9482,0,0.019858252931708162
9486,0,0.030936794268086276
9492,0,0.2632289345769768
9493,0,0.0478503567155756
9505,1,0.6434101019851897
9510,0,0.3711337412819398
9515,0,0.177578963200055
9518,0,0.12408859096961608
9519,0,0.17035791307174958
9521,0,0.4802065015028017
9528,0,0.14637747034866827
9537,0,0.3583725898036917
9540,0,0.04104474821458806
9546,0,0.019450322846066497
9549,0,0.13272453697810196
9554,0,0.07373974225542451
9556,0,0.09854216329827178
9558,0,0.48492108131794076
9561,0,0.24689136633643743
9565,0,0.10462049750850393
9573,0,0.060859023309102846
9576,0,0.02493843922358478
9578,0,0.022090838937199368
9579,0,0.22227501079444373
9589,0,0.11221196601547212
9594,0,0.0788193769607551
9596,0,0.30471702763211167
9614,0,0.14032396454497148
